what,kind,bundleId,bundleVersion,description,time
activated,perspective,com.altera.sbtgui.ui,,"com.altera.sbtgui.ui.cPerspective",1776935664204
started,bundle,org.eclipse.osgi,3.7.2.v20120110-1415,"org.eclipse.osgi",1776935664204
started,bundle,com.ibm.icu,4.4.2.v20110823,"com.ibm.icu",1776935664204
started,bundle,org.eclipse.cdt.codan.checkers,1.0.1.201202111925,"org.eclipse.cdt.codan.checkers",1776935664204
started,bundle,org.eclipse.cdt.codan.core,2.0.0.201202111925,"org.eclipse.cdt.codan.core",1776935664204
started,bundle,org.eclipse.cdt.codan.core.cxx,1.0.0.201202111925,"org.eclipse.cdt.codan.core.cxx",1776935664204
started,bundle,org.eclipse.cdt.codan.ui.cxx,2.0.0.201202111925,"org.eclipse.cdt.codan.ui.cxx",1776935664204
started,bundle,org.eclipse.cdt.core,5.3.2.201202111925,"org.eclipse.cdt.core",1776935664204
started,bundle,org.eclipse.cdt.make.core,7.1.2.201202111925,"org.eclipse.cdt.make.core",1776935664204
started,bundle,org.eclipse.cdt.make.ui,7.1.2.201202111925,"org.eclipse.cdt.make.ui",1776935664204
started,bundle,org.eclipse.cdt.managedbuilder.core,8.0.2.201202111925,"org.eclipse.cdt.managedbuilder.core",1776935664204
started,bundle,org.eclipse.cdt.ui,5.3.2.201202111925,"org.eclipse.cdt.ui",1776935664204
started,bundle,org.eclipse.core.contenttype,3.4.100.v20110423-0524,"org.eclipse.core.contenttype",1776935664204
started,bundle,org.eclipse.core.databinding.observable,1.4.0.I20110222-0800,"org.eclipse.core.databinding.observable",1776935664204
started,bundle,org.eclipse.core.expressions,3.4.300.v20110228,"org.eclipse.core.expressions",1776935664204
started,bundle,org.eclipse.core.filebuffers,3.5.200.v20110928-1504,"org.eclipse.core.filebuffers",1776935664204
started,bundle,org.eclipse.core.filesystem,1.3.100.v20110423-0524,"org.eclipse.core.filesystem",1776935664204
started,bundle,org.eclipse.core.jobs,3.5.101.v20120113-1953,"org.eclipse.core.jobs",1776935664204
started,bundle,org.eclipse.core.net,1.2.100.I20110511-0800,"org.eclipse.core.net",1776935664204
started,bundle,org.eclipse.core.resources,3.7.101.v20120125-1505,"org.eclipse.core.resources",1776935664204
started,bundle,org.eclipse.core.runtime,3.7.0.v20110110,"org.eclipse.core.runtime",1776935664204
started,bundle,org.eclipse.core.runtime.compatibility,3.2.100.v20100505,"org.eclipse.core.runtime.compatibility",1776935664204
started,bundle,org.eclipse.core.runtime.compatibility.auth,3.2.200.v20110110,"org.eclipse.core.runtime.compatibility.auth",1776935664204
started,bundle,org.eclipse.debug.core,3.7.1.v20111129-2031,"org.eclipse.debug.core",1776935664204
started,bundle,org.eclipse.egit.core,1.3.0.201202151440-r,"org.eclipse.egit.core",1776935664204
started,bundle,org.eclipse.egit.ui,1.3.0.201202151440-r,"org.eclipse.egit.ui",1776935664204
started,bundle,org.eclipse.epp.usagedata.gathering,1.3.1.R201106061540,"org.eclipse.epp.usagedata.gathering",1776935664204
started,bundle,org.eclipse.epp.usagedata.recording,1.3.1.R201106061540,"org.eclipse.epp.usagedata.recording",1776935664204
started,bundle,org.eclipse.equinox.app,1.3.100.v20110321,"org.eclipse.equinox.app",1776935664204
started,bundle,org.eclipse.equinox.common,3.6.0.v20110523,"org.eclipse.equinox.common",1776935664204
started,bundle,org.eclipse.equinox.ds,1.3.1.R37x_v20110701,"org.eclipse.equinox.ds",1776935664204
started,bundle,org.eclipse.equinox.event,1.2.100.v20110502,"org.eclipse.equinox.event",1776935664204
started,bundle,org.eclipse.equinox.preferences,3.4.2.v20120111-2020,"org.eclipse.equinox.preferences",1776935664204
started,bundle,org.eclipse.equinox.registry,3.5.101.R37x_v20110810-1611,"org.eclipse.equinox.registry",1776935664204
started,bundle,org.eclipse.equinox.security,1.1.1.R37x_v20110822-1018,"org.eclipse.equinox.security",1776935664204
started,bundle,org.eclipse.equinox.util,1.0.300.v20110502,"org.eclipse.equinox.util",1776935664204
started,bundle,org.eclipse.help,3.5.100.v20110426,"org.eclipse.help",1776935664204
started,bundle,org.eclipse.jface,3.7.0.v20110928-1505,"org.eclipse.jface",1776935664204
started,bundle,org.eclipse.jgit,1.3.0.201202151440-r,"org.eclipse.jgit",1776935664204
started,bundle,org.eclipse.jsch.core,1.1.300.I20110514-0800,"org.eclipse.jsch.core",1776935664204
started,bundle,org.eclipse.ltk.core.refactoring,3.5.201.r372_v20111101-0700,"org.eclipse.ltk.core.refactoring",1776935664204
started,bundle,org.eclipse.ltk.ui.refactoring,3.6.0.v20110928-1453,"org.eclipse.ltk.ui.refactoring",1776935664204
started,bundle,org.eclipse.mylyn.bugzilla.core,3.6.5.v20120123-0100,"org.eclipse.mylyn.bugzilla.core",1776935664204
started,bundle,org.eclipse.mylyn.bugzilla.ui,3.6.0.v20110608-1400,"org.eclipse.mylyn.bugzilla.ui",1776935664204
started,bundle,org.eclipse.mylyn.commons.identity,0.8.0.v20110608-1400,"org.eclipse.mylyn.commons.identity",1776935664204
started,bundle,org.eclipse.mylyn.commons.net,3.6.0.v20110608-1400,"org.eclipse.mylyn.commons.net",1776935664204
started,bundle,org.eclipse.mylyn.commons.ui,3.6.1.v20110720-0100,"org.eclipse.mylyn.commons.ui",1776935664204
started,bundle,org.eclipse.mylyn.context.core,3.6.1.v20110720-0100,"org.eclipse.mylyn.context.core",1776935664204
started,bundle,org.eclipse.mylyn.context.ui,3.6.1.v20120112-0100,"org.eclipse.mylyn.context.ui",1776935664204
started,bundle,org.eclipse.mylyn.monitor.ui,3.6.0.v20110608-1400,"org.eclipse.mylyn.monitor.ui",1776935664204
started,bundle,org.eclipse.mylyn.tasks.ui,3.6.5.v20120215-0100,"org.eclipse.mylyn.tasks.ui",1776935664204
started,bundle,org.eclipse.mylyn.team.ui,3.6.1.v20110825-0100,"org.eclipse.mylyn.team.ui",1776935664204
started,bundle,org.eclipse.search,3.7.0.v20110928-1504,"org.eclipse.search",1776935664204
started,bundle,org.eclipse.team.core,3.6.0.I20110525-0800,"org.eclipse.team.core",1776935664204
started,bundle,org.eclipse.team.cvs.core,3.3.400.I20110510-0800,"org.eclipse.team.cvs.core",1776935664204
started,bundle,org.eclipse.team.cvs.ui,3.3.401.v20120126-1227,"org.eclipse.team.cvs.ui",1776935664204
started,bundle,org.eclipse.team.ui,3.6.101.R37x_v20111109-0800,"org.eclipse.team.ui",1776935664204
started,bundle,org.eclipse.ui,3.7.0.v20110928-1505,"org.eclipse.ui",1776935664204
started,bundle,org.eclipse.ui.console,3.5.100.v20111007_r372,"org.eclipse.ui.console",1776935664204
started,bundle,org.eclipse.ui.editors,3.7.0.v20110928-1504,"org.eclipse.ui.editors",1776935664204
started,bundle,org.eclipse.ui.forms,3.5.101.v20111011-1919,"org.eclipse.ui.forms",1776935664204
started,bundle,org.eclipse.ui.ide,3.7.0.v20110928-1505,"org.eclipse.ui.ide",1776935664220
started,bundle,org.eclipse.ui.intro,3.4.100.v20110425,"org.eclipse.ui.intro",1776935664220
started,bundle,org.eclipse.ui.intro.universal,3.2.500.v20110510,"org.eclipse.ui.intro.universal",1776935664220
started,bundle,org.eclipse.ui.navigator,3.5.101.v20120106-1355,"org.eclipse.ui.navigator",1776935664220
started,bundle,org.eclipse.ui.navigator.resources,3.4.300.v20110928-1505,"org.eclipse.ui.navigator.resources",1776935664220
started,bundle,org.eclipse.ui.net,1.2.100.v20111208-1155,"org.eclipse.ui.net",1776935664220
started,bundle,org.eclipse.ui.views,3.6.0.v20110928-1505,"org.eclipse.ui.views",1776935664220
started,bundle,org.eclipse.ui.workbench,3.7.1.v20120104-1859,"org.eclipse.ui.workbench",1776935664220
started,bundle,org.eclipse.ui.workbench.texteditor,3.7.0.v20110928-1504,"org.eclipse.ui.workbench.texteditor",1776935664220
started,bundle,org.eclipse.update.configurator,3.3.100.v20100512,"org.eclipse.update.configurator",1776935664220
started,bundle,org.eclipse.update.core,3.2.500.v20110330,"org.eclipse.update.core",1776935664220
started,bundle,org.eclipse.update.scheduler,3.2.300.v20100512,"org.eclipse.update.scheduler",1776935664220
started,bundle,com.altera.sbtgui.integration,13.13.0.132,"com.altera.sbtgui.integration",1776935664220
started,bundle,com.altera.sbtgui.launch,13.13.0.132,"com.altera.sbtgui.launch",1776935664222
started,bundle,com.altera.sbtgui.project,13.13.0.132,"com.altera.sbtgui.project",1776935664222
started,bundle,com.altera.sbtgui.ui,13.13.0.132,"com.altera.sbtgui.ui",1776935664222
started,bundle,com.altera.systemconsole,13.13.0.132,"com.altera.systemconsole",1776935664222
started,bundle,com.altera.systemconsole.designs.plugin,13.13.0.132,"com.altera.systemconsole.designs.plugin",1776935664222
started,bundle,com.altera.utilities,13.13.0.132,"com.altera.utilities",1776935664222
os,sysinfo,,,"win32",1776935664222
arch,sysinfo,,,"x86",1776935664222
ws,sysinfo,,,"win32",1776935664222
locale,sysinfo,,,"en_US",1776935664222
processors,sysinfo,,,"16",1776935664222
java.runtime.name,sysinfo,,,"Java(TM) SE Runtime Environment",1776935664222
java.runtime.version,sysinfo,,,"1.6.0_23-b05",1776935664222
java.specification.name,sysinfo,,,"Java Platform API Specification",1776935664222
java.specification.vendor,sysinfo,,,"Sun Microsystems Inc.",1776935664222
java.specification.version,sysinfo,,,"1.6",1776935664222
java.vendor,sysinfo,,,"Sun Microsystems Inc.",1776935664222
java.version,sysinfo,,,"1.6.0_23",1776935664222
java.vm.info,sysinfo,,,"mixed mode",1776935664222
java.vm.name,sysinfo,,,"Java HotSpot(TM) Client VM",1776935664222
java.vm.specification.name,sysinfo,,,"Java Virtual Machine Specification",1776935664222
java.vm.specification.vendor,sysinfo,,,"Sun Microsystems Inc.",1776935664222
java.vm.specification.version,sysinfo,,,"1.0",1776935664222
java.vm.vendor,sysinfo,,,"Sun Microsystems Inc.",1776935664222
java.vm.version,sysinfo,,,"19.0-b09",1776935664222
started,bundle,com.altera.sbtgui.core,13.13.0.132,"com.altera.sbtgui.core",1776935665572
opened,view,org.eclipse.ui.console,3.5.100.v20111007_r372,"org.eclipse.ui.console.ConsoleView",1776935665672
started,bundle,org.eclipse.debug.ui,3.7.102.v20111129-1423_r372,"org.eclipse.debug.ui",1776935665738
started,bundle,org.eclipse.cdt.dsf,2.2.0.201202111925,"org.eclipse.cdt.dsf",1776935665741
started,bundle,org.eclipse.cdt.dsf.gdb,4.0.2.201202111925,"org.eclipse.cdt.dsf.gdb",1776935665741
started,bundle,org.eclipse.cdt.dsf.gdb.ui,2.2.1.201202111925,"org.eclipse.cdt.dsf.gdb.ui",1776935665741
deactivated,workbench,org.eclipse.ui.workbench,3.7.1.v20120104-1859,"",1776935665948
started,bundle,org.eclipse.linuxtools.cdt.autotools.core,1.0.2.201202152032,"org.eclipse.linuxtools.cdt.autotools.core",1776935681201
started,bundle,org.eclipse.core.variables,3.2.500.v20110928-1503,"org.eclipse.core.variables",1776935681240
started,bundle,org.eclipse.cdt.managedbuilder.gnu.ui,8.0.2.201202111925,"org.eclipse.cdt.managedbuilder.gnu.ui",1776935681911
started,bundle,org.eclipse.cdt.msw.build,1.0.0.201202111925,"org.eclipse.cdt.msw.build",1776935682606
activated,workbench,org.eclipse.ui.workbench,3.7.1.v20120104-1859,"",1776935686837
started,bundle,org.eclipse.compare.core,3.5.200.I20110208-0800,"org.eclipse.compare.core",1776935688176
started,bundle,org.eclipse.compare,3.5.202.R37x_v20111109-0800,"org.eclipse.compare",1776935688179
deactivated,workbench,org.eclipse.ui.workbench,3.7.1.v20120104-1859,"",1776935691600
executed,command,org.eclipse.ui,3.7.0.v20110928-1505,"org.eclipse.ui.edit.paste",1776935693312
no handler,command,org.eclipse.ui,3.7.0.v20110928-1505,"org.eclipse.ui.edit.undo",1776935693963
activated,workbench,org.eclipse.ui.workbench,3.7.1.v20120104-1859,"",1776935697088
deactivated,workbench,org.eclipse.ui.workbench,3.7.1.v20120104-1859,"",1776935697402
opened,editor,org.eclipse.cdt.ui,5.3.2.201202111925,"org.eclipse.cdt.ui.editor.CEditor",1776935697762
activated,workbench,org.eclipse.ui.workbench,3.7.1.v20120104-1859,"",1776935697849
activated,editor,org.eclipse.cdt.ui,5.3.2.201202111925,"org.eclipse.cdt.ui.editor.CEditor",1776935697868
deactivated,workbench,org.eclipse.ui.workbench,3.7.1.v20120104-1859,"",1776935697954
started,bundle,org.eclipse.cdt.codan.ui,2.0.1.201202111925,"org.eclipse.cdt.codan.ui",1776935698142
activated,workbench,org.eclipse.ui.workbench,3.7.1.v20120104-1859,"",1776935700459
executed,command,org.eclipse.ui,3.7.0.v20110928-1505,"org.eclipse.ui.edit.selectAll",1776935701353
executed,command,org.eclipse.ui,3.7.0.v20110928-1505,"org.eclipse.ui.edit.paste",1776935701508
executed,command,org.eclipse.ui,3.7.0.v20110928-1505,"org.eclipse.ui.file.save",1776935702169
activated,view,org.eclipse.ui.navigator.resources,3.4.300.v20110928-1505,"org.eclipse.ui.navigator.ProjectExplorer",1776935703140
deactivated,workbench,org.eclipse.ui.workbench,3.7.1.v20120104-1859,"",1776935705598
activated,workbench,org.eclipse.ui.workbench,3.7.1.v20120104-1859,"",1776935718347
activated,editor,org.eclipse.cdt.ui,5.3.2.201202111925,"org.eclipse.cdt.ui.editor.CEditor",1776935720566
executed,command,org.eclipse.ui,3.7.0.v20110928-1505,"org.eclipse.ui.file.save",1776935732541
activated,view,org.eclipse.ui.navigator.resources,3.4.300.v20110928-1505,"org.eclipse.ui.navigator.ProjectExplorer",1776935734729
deactivated,workbench,org.eclipse.ui.workbench,3.7.1.v20120104-1859,"",1776935736185
activated,workbench,org.eclipse.ui.workbench,3.7.1.v20120104-1859,"",1776935743807
deactivated,workbench,org.eclipse.ui.workbench,3.7.1.v20120104-1859,"",1776935746688
started,bundle,org.eclipse.cdt.codan.checkers.ui,1.0.0.201202111925,"org.eclipse.cdt.codan.checkers.ui",1776935747904
activated,workbench,org.eclipse.ui.workbench,3.7.1.v20120104-1859,"",1776935750130
deactivated,workbench,org.eclipse.ui.workbench,3.7.1.v20120104-1859,"",1776935750723
activated,workbench,org.eclipse.ui.workbench,3.7.1.v20120104-1859,"",1776935754144
activated,editor,org.eclipse.cdt.ui,5.3.2.201202111925,"org.eclipse.cdt.ui.editor.CEditor",1776935755077
deactivated,workbench,org.eclipse.ui.workbench,3.7.1.v20120104-1859,"",1776935757572
activated,workbench,org.eclipse.ui.workbench,3.7.1.v20120104-1859,"",1776935758555
started,bundle,org.eclipse.cdt.mylyn.ui,3.6.0.v20110608-1400,"org.eclipse.cdt.mylyn.ui",1776935758639
closed,workbench,org.eclipse.ui.workbench,3.7.1.v20120104-1859,"",1776935758686
stopped,bundle,org.eclipse.cdt.build.crossgcc,1.0.2.201202111925,"org.eclipse.cdt.build.crossgcc",1776935758894
stopped,bundle,org.eclipse.cdt.codan.checkers.ui,1.0.0.201202111925,"org.eclipse.cdt.codan.checkers.ui",1776935758895
stopped,bundle,com.altera.debug.cdi.gdb.plugin,13.13.0.132,"com.altera.debug.cdi.gdb.plugin",1776935758895
stopped,bundle,com.altera.sbtgui.launch,13.13.0.132,"com.altera.sbtgui.launch",1776935758895
stopped,bundle,com.altera.sbtgui.ui,13.13.0.132,"com.altera.sbtgui.ui",1776935758895
stopped,bundle,com.altera.sbtgui.project,13.13.0.132,"com.altera.sbtgui.project",1776935758895
stopped,bundle,org.eclipse.cdt.codan.checkers,1.0.1.201202111925,"org.eclipse.cdt.codan.checkers",1776935758895
stopped,bundle,org.eclipse.cdt.codan.ui.cxx,2.0.0.201202111925,"org.eclipse.cdt.codan.ui.cxx",1776935758895
stopped,bundle,org.eclipse.cdt.codan.core.cxx,1.0.0.201202111925,"org.eclipse.cdt.codan.core.cxx",1776935758895
stopped,bundle,org.eclipse.cdt.launch.remote,2.3.0.201202111925,"org.eclipse.cdt.launch.remote",1776935758895
stopped,bundle,org.eclipse.cdt.debug.mi.ui,6.1.1.201202111925,"org.eclipse.cdt.debug.mi.ui",1776935758896
stopped,bundle,org.eclipse.cdt.debug.mi.core,7.1.1.201202111925,"org.eclipse.cdt.debug.mi.core",1776935758897
stopped,bundle,org.eclipse.cdt.debug.ui.memory.memorybrowser,1.2.100.201202111925,"org.eclipse.cdt.debug.ui.memory.memorybrowser",1776935758897
stopped,bundle,org.eclipse.cdt.debug.ui.memory.search,1.2.1.201202111925,"org.eclipse.cdt.debug.ui.memory.search",1776935758911
stopped,bundle,org.eclipse.cdt.dsf.gdb.ui,2.2.1.201202111925,"org.eclipse.cdt.dsf.gdb.ui",1776935758911
